league_id,league_name,league_type,country
4,Euro Championship,Cup,World
21,Confederations Cup,Cup,World
62,Ligue 2,League,France
61,Ligue 1,League,France
144,Jupiler Pro League,League,Belgium
71,Serie A,League,Brazil
39,Premier League,League,England
78,Bundesliga,League,Germany
135,Serie A,League,Italy
88,Eredivisie,League,Netherlands
94,Primeira Liga,League,Portugal
140,La Liga,League,Spain
179,Premiership,League,Scotland
180,Championship,League,Scotland
1,World Cup,Cup,World
803,Asian Games,Cup,World
804,Caribbean Cup,Cup,World
390,Premier League,League,Lebanon
261,National Division,League,Luxembourg
306,Second Division,League,Qatar
305,Stars League,League,Qatar
40,Championship,League,England
46,EFL Trophy,Cup,England
45,FA Cup,Cup,England
47,FA Trophy,Cup,England
48,League Cup,Cup,England
43,National League,League,England
41,League One,League,England
42,League Two,League,England
568,Eerste Divisie,League,Suriname
571,Vysshaya Liga,League,Tajikistan
586,West Bank Premier League,League,Palestine
588,National League,League,Myanmar
591,Pro League,League,Trinidad-And-Tobago
335,Cup,Cup,Ukraine
336,Druha Liga,League,Ukraine
334,Persha Liga,League,Ukraine
333,Premier League,League,Ukraine
301,Pro League,League,United-Arab-Emirates
303,Division 1,League,United-Arab-Emirates
302,League Cup,Cup,United-Arab-Emirates
269,Segunda División,League,Uruguay
202,Ligue 1,League,Tunisia
203,Süper Lig,League,Turkey
204,1. Lig,League,Turkey
205,2. Lig,League,Turkey
206,Türkiye Kupası,Cup,Turkey
552,3. Lig - Group 1,League,Turkey
553,3. Lig - Group 2,League,Turkey
554,3. Lig - Group 3,League,Turkey
63,National 1,League,France
66,Coupe de France,Cup,France
65,Coupe de la Ligue,Cup,France
67,National 2 - Group A,League,France
68,National 2 - Group B,League,France
69,National 2 - Group C,League,France
7,Asian Cup,Cup,World
8,World Cup - Women,Cup,World
186,Ligue 1,League,Algeria
187,Ligue 2,League,Algeria
512,2nd Division - Group A,League,Albania
513,2nd Division - Group B,League,Albania
312,1a Divisió,League,Andorra
313,2a Divisió,League,Andorra
131,Primera B Metropolitana,League,Argentina
129,Primera Nacional,League,Argentina
132,Primera C,League,Argentina
133,Primera D,League,Argentina
134,Torneo Federal A,League,Argentina
188,A-League,League,Australia
191,Brisbane Premier League,League,Australia
193,Northern Territory Premier League,League,Australia
220,Cup,Cup,Austria
219,2. Liga,League,Austria
218,Bundesliga,League,Austria
418,Birinci Dasta,League,Azerbaijan
419,Premyer Liqa,League,Azerbaijan
222,Regionalliga - Mitte,League,Austria
221,Regionalliga - Ost,League,Austria
223,Regionalliga - West,League,Austria
110,Premier League,League,Wales
112,Welsh Cup,Cup,Wales
299,Primera División,League,Venezuela
300,Segunda División,League,Venezuela
406,Professional League,League,Oman
322,Premier League,League,Jamaica
387,League,League,Jordan
388,1. Division,League,Kazakhstan
330,Premier League,League,Kuwait
119,Superliga,League,Denmark
120,1. Division,League,Denmark
124,Denmark Series - Group 1,League,Denmark
125,Denmark Series - Group 2,League,Denmark
126,Denmark Series - Group 3,League,Denmark
234,Liga Nacional,League,Honduras
381,HKFA 1st Division,League,Hong-Kong
380,Premier League,League,Hong-Kong
273,Magyar Kupa,Cup,Hungary
271,NB I,League,Hungary
272,NB II,League,Hungary
70,National 2 - Group D,League,France
233,Premier League,League,Egypt
370,Primera Division,League,El-Salvador
328,Esiliiga A,League,Estonia
329,Meistriliiga,League,Estonia
326,Erovnuli Liga 2,League,Georgia
570,Premier League,League,Ghana
377,Division d'Honneur,League,Guadeloupe
339,Liga Nacional,League,Guatemala
338,Primera Division,League,Guatemala
199,Cup,Cup,Greece
198,Football League,League,Greece
197,Super League 1,League,Greece
79,2. Bundesliga,League,Germany
80,3. Liga,League,Germany
529,Super Cup,Cup,Germany
81,DFB Pokal,Cup,Germany
15,FIFA Club World Cup,Cup,World
2,UEFA Champions League,Cup,World
311,1st Division,League,Albania
310,Superliga,League,Albania
422,Premier League,League,Barbados
480,Olympics Men,Cup,World
364,1. Liga,League,Latvia
365,Virsliga,League,Latvia
361,1 Lyga,League,Lithuania
362,A Lyga,League,Lithuania
528,Community Shield,Cup,England
72,Serie B,League,Brazil
75,Serie C,League,Brazil
76,Serie D,League,Brazil
585,Premier League,League,Uganda
598,Première Division,League,Mali
253,Major League Soccer,League,USA
257,US Open Cup,Cup,USA
268,Primera División - Apertura,League,Uruguay
270,Primera División - Clausura,League,Uruguay
369,Super League,League,Uzbekistan
296,Thai League 1,League,Thailand
297,Thai League 2,League,Thailand
551,Super Cup,Cup,Turkey
366,1. Deild,League,Faroe-Islands
367,Meistaradeildin,League,Faroe-Islands
245,Ykkönen,League,Finland
244,Veikkausliiga,League,Finland
246,Suomen Cup,Cup,Finland
247,Kakkonen - Lohko A,League,Finland
248,Kakkonen - Lohko B,League,Finland
249,Kakkonen - Lohko C,League,Finland
526,Trophée des Champions,Cup,France
242,Liga Pro,League,Ecuador
243,Liga Pro Serie B,League,Ecuador
539,Super Cup,Cup,Egypt
535,CECAFA Senior Challenge Cup,Cup,World
397,Girabola,League,Angola
343,First League,League,Armenia
342,Premier League,League,Armenia
481,Northern NSW NPL,League,Australia
116,Premier League,League,Belarus
117,1. Division,League,Belarus
118,2. Division,League,Belarus
400,Super League,League,Zambia
340,V.League 1,League,Vietnam
102,Emperor Cup,Cup,Japan
101,J-League Cup,Cup,Japan
98,J1 League,League,Japan
99,J2 League,League,Japan
100,J3 League,League,Japan
389,Premier League,League,Kazakhstan
276,FKF Premier League,League,Kenya
121,DBU Pokalen,Cup,Denmark
379,Ligue Haïtienne,League,Haiti
28,SAFF Championship,Cup,World
505,League Cup,Cup,Singapore
421,Division di Honor,League,Aruba
420,Cup,Cup,Azerbaijan
298,FA Cup,Cup,Thailand
376,National Football League,League,Fiji
64,Feminine Division 1,League,France
3,UEFA Europa League,Cup,World
327,Erovnuli Liga,League,Georgia
378,Ligue 1,League,Guinea
807,AFC Challenge Cup,Cup,World
19,African Nations Championship,Cup,World
24,ASEAN Championship,Cup,World
37,World Cup - Qualification Intercontinental Play-offs,Cup,World
520,Acreano,League,Brazil
547,Super Cup,Cup,Italy
519,Super Cup,Cup,Belgium
527,Super Cup,Cup,Chile
122,2. Division,League,Denmark
123,2nd Division - Group 2,League,Denmark
128,Liga Profesional Argentina,League,Argentina
183,League One,League,Scotland
184,League Two,League,Scotland
6,Africa Cup of Nations,Cup,World
9,Copa America,Cup,World
363,Premier League,League,Ethiopia
22,CONCACAF Gold Cup,Cup,World
23,EAFF E-1 Football Championship,Cup,World
27,OFC Champions League,Cup,World
567,Ligi kuu Bara,League,Tanzania
255,USL Championship,League,USA
925,Super Cup,Cup,Czech-Republic
569,Premier League,League,Kyrgyzstan
592,Division 2 - Norra Götaland,League,Sweden
593,Division 2 - Norra Svealand,League,Sweden
594,Division 2 - Norrland,League,Sweden
595,Division 2 - Södra Svealand,League,Sweden
596,Division 2 - Västra Götaland,League,Sweden
597,Division 2 - Östra Götaland,League,Sweden
511,Cup,Cup,Tunisia
141,Segunda División,League,Spain
136,Serie B,League,Italy
103,Eliteserien,League,Norway
89,Eerste Divisie,League,Netherlands
95,Segunda Liga,League,Portugal
113,Allsvenskan,League,Sweden
162,Primera División,League,Costa-Rica
164,Úrvalsdeild,League,Iceland
169,Super League,League,China
137,Coppa Italia,Cup,Italy
200,Botola Pro,League,Morocco
207,Super League,League,Switzerland
210,HNL,League,Croatia
235,Premier League,League,Russia
239,Primera A,League,Colombia
250,Division Profesional - Apertura,League,Paraguay
73,Copa Do Brasil,Cup,Brazil
90,KNVB Beker,Cup,Netherlands
145,Challenger Pro League,League,Belgium
173,Second League,League,Bulgaria
170,League One,League,China
189,Capital Territory NPL,League,Australia
240,Primera B,League,Colombia
211,First NL,League,Croatia
138,Serie C - Girone A,League,Italy
146,Super League Women,League,Belgium
74,Brasileiro Women,League,Brazil
44,FA WSL,League,England
82,Frauen Bundesliga,League,Germany
139,Serie A Women,League,Italy
91,Eredivisie Women,League,Netherlands
142,Primera División Femenina,League,Spain
130,Copa Argentina,Cup,Argentina
190,A-League Women,League,Australia
236,First League,League,Russia
165,1. Deild,League,Iceland
251,Division Intermedia,League,Paraguay
104,1. Division,League,Norway
114,Superettan,League,Sweden
208,Challenge League,League,Switzerland
262,Liga MX,League,Mexico
263,Liga de Expansión MX,League,Mexico
259,Canadian Championship,Cup,Canada
278,Super League,League,Malaysia
279,Premier League,League,Malaysia
280,Premiership,League,New-Zealand
281,Primera División,League,Peru
282,Segunda División,League,Peru
283,Liga I,League,Romania
284,Liga II,League,Romania
286,Super Liga,League,Serbia
287,Prva Liga,League,Serbia
288,Premier Soccer League,League,South-Africa
289,1st Division,League,South-Africa
290,Persian Gulf Pro League,League,Iran
291,Azadegan League,League,Iran
292,K League 1,League,South-Korea
293,K League 2,League,South-Korea
307,Pro League,League,Saudi-Arabia
308,Division 1,League,Saudi-Arabia
309,Division 2,League,Saudi-Arabia
514,Coupe Nationale,Cup,Algeria
521,Amapaense,League,Brazil
522,Amazonense,League,Brazil
524,Olympics Women,Cup,World
531,UEFA Super Cup,Cup,World
543,Super Cup,Cup,Netherlands
550,Super Cup,Cup,Portugal
555,Supercupa,Cup,Romania
556,Super Cup,Cup,Spain
497,Japan Football League,League,Japan
127,Denmark Series - Group 4,League,Denmark
563,Ettan - Norra,League,Sweden
564,Ettan - Södra,League,Sweden
252,Division Profesional - Clausura,League,Paraguay
166,2. Deild,League,Iceland
368,Premier League,League,Singapore
314,Cup,Cup,Bosnia
315,Premijer Liga,League,Bosnia
371,First League,League,Macedonia
382,Liga Leumit,League,Israel
383,Ligat Ha'al,League,Israel
386,Ligue 1,League,Ivory-Coast
392,Challenge League,League,Malta
393,Premier League,League,Malta
394,Super Liga,League,Moldova
396,Primera Division,League,Nicaragua
96,Taça de Portugal,Cup,Portugal
399,NPFL,League,Nigeria
401,Premier Soccer League,League,Zimbabwe
402,Sudani Premier League,League,Sudan
403,Ligue 1,League,Senegal
404,Campionato,League,San-Marino
411,Elite One,League,Cameroon
410,C-League,League,Cambodia
417,Premier League,League,Bahrain
415,Championnat National,League,Benin
414,Premier League,League,Bermuda
413,Super League,League,Bhutan
412,Premier League,League,Botswana
398,Premier League,League,Bangladesh
16,CONCACAF Champions League,Cup,World
17,AFC Champions League,Cup,World
25,Gulf Cup of Nations,Cup,World
26,International Champions Cup,Cup,World
317,1st League - RS,League,Bosnia
316,1st League - FBiH,League,Bosnia
295,K3 League,League,South-Korea
495,Hazfi Cup,Cup,Iran
496,Liga Alef,League,Israel
506,2. liga,League,Slovakia
805,Copa Centroamericana,Cup,World
806,OFC Nations Cup,Cup,World
488,U19 Bundesliga,League,Germany
559,League Cup,Cup,Northern-Ireland
560,Presidents Cup,Cup,United-Arab-Emirates
561,Premier Intermediate League,League,Northern-Ireland
407,Championship,League,Northern-Ireland
408,Premiership,League,Northern-Ireland
331,Division 1,League,Kuwait
584,Premier League,League,Libya
589,Taiwan Football Premier League,League,Chinese-Taipei
258,Canadian Soccer League,League,Canada
274,Liga 1,League,Indonesia
304,Liga Panameña de Fútbol,League,Panama
766,China Cup,Cup,World
827,Crown Prince Cup,Cup,Saudi-Arabia
372,Second League,League,Macedonia
174,Cup,Cup,Bulgaria
10,Friendlies,Cup,World
14,UEFA Youth League,League,World
18,AFC Cup,Cup,World
20,CAF Confederation Cup,Cup,World
38,UEFA U21 Championship,Cup,World
425,Premier League,League,Syria
77,Alagoano,Cup,Brazil
337,Druha Liga - Group B,League,Ukraine
185,League Cup,Cup,Scotland
490,World Cup - U20,Cup,World
492,Tweede Divisie,League,Netherlands
498,Cup,Cup,Kazakhstan
504,King's Cup,Cup,Saudi-Arabia
507,Cup,Cup,South-Africa
508,League Cup,Cup,South-Africa
510,1. Liga Promotion,League,Switzerland
31,World Cup - Qualification CONCACAF,Cup,World
32,World Cup - Qualification Europe,Cup,World
33,World Cup - Qualification Oceania,Cup,World
34,World Cup - Qualification South America,Cup,World
29,World Cup - Qualification Africa,Cup,World
30,World Cup - Qualification Asia,Cup,World
149,Second Amateur Division - VFV A,League,Belgium
150,Second Amateur Division - VFV B,League,Belgium
151,Third Amateur Division - VFV A,League,Belgium
152,Third Amateur Division - VFV B,League,Belgium
175,Third League - Northeast,League,Bulgaria
176,Third League - Northwest,League,Bulgaria
177,Third League - Southeast,League,Bulgaria
178,Third League - Southwest,League,Bulgaria
49,National League - Play-offs,League,England
491,Løgmanssteypid,Cup,Faroe-Islands
493,UEFA U19 Championship,Cup,World
499,Malaysia Cup,Cup,Malaysia
530,Super Cup,Cup,Georgia
516,Super Cup,Cup,Algeria
537,CONCACAF U20,Cup,World
544,FA Cup,Cup,Hong-Kong
545,AIFF Super Cup,Cup,India
557,Super Cup,Cup,Norway
256,USL League Two,League,USA
373,1. SNL,League,Slovenia
374,2. SNL,League,Slovenia
391,Super League,League,Malawi
143,Copa del Rey,Cup,Spain
405,National Soccer League,League,Rwanda
409,Premier League,League,Namibia
416,Premier League,League,Belize
212,Cup,Cup,Croatia
384,State Cup,Cup,Israel
285,Cupa României,Cup,Romania
321,Cup,Cup,Cyprus
106,Ekstraklasa,League,Poland
172,First League,League,Bulgaria
5,UEFA Nations League,Cup,World
163,Liga de Ascenso,League,Costa-Rica
111,FAW Championship,League,Wales
265,Primera División,League,Chile
266,Primera B,League,Chile
277,Super League,League,Kenya
318,1. Division,League,Cyprus
319,2. Division,League,Cyprus
320,3. Division,League,Cyprus
201,Botola 2,League,Morocco
323,Indian Super League,League,India
324,I-League,League,India
107,I Liga,League,Poland
332,Super Liga,League,Slovakia
345,Czech Liga,League,Czech-Republic
346,FNL,League,Czech-Republic
355,First League,League,Montenegro
356,Second League,League,Montenegro
344,Primera División,League,Bolivia
718,Piala Indonesia,Cup,Indonesia
808,CONCACAF Nations League - Qualification,Cup,World
942,Serie C - Girone B,League,Italy
943,Serie C - Girone C,League,Italy
698,FA Women's Cup,Cup,England
714,Cup,Cup,Egypt
716,Senior Shield,Cup,Hong-Kong
768,Arab Club Champions Cup,Cup,World
769,Premier League Asia Trophy,Cup,World
770,Pacific Games,Cup,World
772,Leagues Cup,Cup,World
773,Sudamericano U20,Cup,World
638,Kvindeliga,League,Denmark
642,Curaçao Sekshon Pagá,League,Curacao
655,Copa Constitució,Cup,Andorra
664,Superliga,League,Kosovo
665,Cup,Cup,Kosovo
677,QSL Cup,Cup,Qatar
35,Asian Cup - Qualification,Cup,World
224,Landesliga - Burgenland,League,Austria
225,Landesliga - Karnten,League,Austria
226,Landesliga - Niederosterreich,League,Austria
227,Landesliga - Oberosterreich,League,Austria
228,Landesliga - Salzburg,League,Austria
229,Landesliga - Steiermark,League,Austria
230,Landesliga - Tirol,League,Austria
231,Landesliga - Vorarlbergliga,League,Austria
232,Landesliga - Wien,League,Austria
148,Second Amateur Division - ACFF,League,Belgium
153,Provincial - Antwerpen,League,Belgium
154,Provincial - Brabant VFV,League,Belgium
155,Provincial - Hainaut,League,Belgium
156,Provincial - Liege,League,Belgium
157,Provincial - Limburg,League,Belgium
158,Provincial - Luxembourg,League,Belgium
159,Provincial - Namur,League,Belgium
160,Provincial - Oost-Vlaanderen,League,Belgium
161,Provincial - West-Vlaanderen,League,Belgium
423,Ligue 1,League,Burkina-Faso
424,Ligue 1,League,Congo-DR
213,Third NL - Istok,League,Croatia
214,Third NL - Jug,League,Croatia
215,Third NL - Sjever,League,Croatia
216,Third NL - Sredite,League,Croatia
217,Third NL - Zapad,League,Croatia
348,3. liga - CFL A,League,Czech-Republic
349,3. liga - MSFL,League,Czech-Republic
350,4. liga - Divizie A,League,Czech-Republic
351,4. liga - Divizie B,League,Czech-Republic
352,4. liga - Divizie C,League,Czech-Republic
353,4. liga - Divizie D,League,Czech-Republic
354,4. liga - Divizie E,League,Czech-Republic
50,National League - North,League,England
51,National League - South,League,England
52,Non League Div One - Isthmian North,League,England
53,Non League Div One - Isthmian South Central,League,England
54,Non League Div One - Northern West,League,England
55,Non League Div One - Northern Midlands,League,England
56,Non League Div One - Southern South,League,England
57,Non League Div One - Isthmian South East,League,England
58,Non League Premier - Isthmian,League,England
59,Non League Premier - Northern,League,England
60,Non League Premier - Southern South,League,England
92,Derde Divisie - Saturday,League,Netherlands
93,Derde Divisie - Sunday,League,Netherlands
109,II Liga - East,League,Poland
341,Cup,Cup,Vietnam
238,Youth Championship,League,Russia
83,Regionalliga - Bayern,League,Germany
84,Regionalliga - Nord,League,Germany
85,Regionalliga - Nordost,League,Germany
86,Regionalliga - SudWest,League,Germany
87,Regionalliga - West,League,Germany
426,Serie D - Girone A,League,Italy
427,Serie D - Girone B,League,Italy
428,Serie D - Girone C,League,Italy
429,Serie D - Girone D,League,Italy
430,Serie D - Girone E,League,Italy
431,Serie D - Girone F,League,Italy
432,Serie D - Girone G,League,Italy
433,Serie D - Girone H,League,Italy
434,Serie D - Girone I,League,Italy
435,Primera División RFEF - Group 1,League,Spain
436,Primera División RFEF - Group 2,League,Spain
437,Primera División RFEF - Group 3,League,Spain
438,Primera División RFEF - Group 4,League,Spain
439,Tercera División RFEF - Group 1,League,Spain
440,Tercera División RFEF - Group 2,League,Spain
441,Tercera División RFEF - Group 3,League,Spain
442,Tercera División RFEF - Group 4,League,Spain
443,Tercera División RFEF - Group 5,League,Spain
444,Tercera División RFEF - Group 6,League,Spain
445,Tercera División RFEF - Group 7,League,Spain
446,Tercera División RFEF - Group 8,League,Spain
447,Tercera División RFEF - Group 9,League,Spain
448,Tercera División RFEF - Group 10,League,Spain
449,Tercera División RFEF - Group 11,League,Spain
450,Tercera División RFEF - Group 12,League,Spain
451,Tercera División RFEF - Group 13,League,Spain
452,Tercera División RFEF - Group 14,League,Spain
453,Tercera División RFEF - Group 15,League,Spain
454,Tercera División RFEF - Group 16,League,Spain
455,Tercera División RFEF - Group 17,League,Spain
456,Tercera División RFEF - Group 18,League,Spain
457,Campeonato de Portugal Prio - Group A,League,Portugal
458,Campeonato de Portugal Prio - Group B,League,Portugal
459,Campeonato de Portugal Prio - Group C,League,Portugal
460,Campeonato de Portugal Prio - Group D,League,Portugal
461,National 3 - Group A,League,France
462,National 3 - Group B,League,France
463,National 3 - Group C,League,France
464,National 3 - Group D,League,France
465,National 3 - Group E,League,France
466,National 3 - Group F,League,France
467,National 3 - Group H,League,France
468,National 3 - Group I,League,France
469,National 3 - Group J,League,France
470,National 3 - Group K,League,France
471,National 3 - Group L,League,France
472,National 3 - Group M,League,France
473,2. Division - Group 1,League,Norway
474,2. Division - Group 2,League,Norway
484,Frauenliga,League,Austria
485,Federation Cup,Cup,Bahrain
486,Coppa,Cup,Belarus
487,First Amateur Division,League,Belgium
489,USL League One,League,USA
494,Super League 2,League,Greece
501,Copa Paraguay,Cup,Paraguay
502,Copa Bicentenario,Cup,Peru
503,Copa Perú,Cup,Peru
509,8 Cup,Cup,South-Africa
566,Ligue A,League,Burundi
572,Srpska Liga - Belgrade,League,Serbia
573,Srpska Liga - Vojvodina,League,Serbia
574,Srpska Liga - East,League,Serbia
575,Srpska Liga - West,League,Serbia
576,Gamma Ethniki - Group 1,League,Greece
577,Gamma Ethniki - Group 2,League,Greece
578,Gamma Ethniki - Group 3,League,Greece
579,Gamma Ethniki - Group 4,League,Greece
580,Gamma Ethniki - Group 5,League,Greece
581,Gamma Ethniki - Group 6,League,Greece
582,Gamma Ethniki - Group 7,League,Greece
583,Gamma Ethniki - Group 8,League,Greece
587,World Cup - U17,Cup,World
590,A Division,League,Nepal
599,1. Liga Classic - Group 1,League,Switzerland
600,1. Liga Classic - Group 2,League,Switzerland
601,1. Liga Classic - Group 3,League,Switzerland
613,Baiano - 2,League,Brazil
620,Cearense - 2,League,Brazil
625,Carioca - 2,League,Brazil
633,NB III - Northeast,League,Hungary
634,NB III - Southwest,League,Hungary
635,NB III - Northwest,League,Hungary
254,NWSL Women,League,USA
260,Pacific Coast Soccer League,League,Canada
192,New South Wales NPL,League,Australia
194,South Australia NPL,League,Australia
195,Victoria NPL,League,Australia
196,Western Australia NPL,League,Australia
357,Premier Division,League,Ireland
358,First Division,League,Ireland
515,U21 League 1,League,Algeria
517,Trofeo de Campeones de la Superliga,Cup,Argentina
518,Reserve Pro League,League,Belgium
523,NISA,League,USA
525,UEFA Champions League Women,Cup,World
533,CAF Super Cup,Cup,World
534,CONCACAF Caribbean Club Shield,Cup,World
546,FAI President's Cup,Cup,Ireland
482,Queensland NPL,League,Australia
275,Liga 2,League,Indonesia
395,Liga 1,League,Moldova
267,Copa Chile,Cup,Chile
171,FA Cup,Cup,China
241,Copa Colombia,Cup,Colombia
147,Cup,Cup,Belgium
167,Cup,Cup,Iceland
168,League Cup,Cup,Iceland
359,FAI Cup,Cup,Ireland
360,League Cup,Cup,Ireland
385,Toto Cup Ligat Al,Cup,Israel
264,Copa MX,Cup,Mexico
11,CONMEBOL Sudamericana,Cup,World
12,CAF Champions League,Cup,World
13,CONMEBOL Libertadores,Cup,World
209,Schweizer Cup,Cup,Switzerland
115,Svenska Cupen,Cup,Sweden
375,Cup,Cup,Slovenia
181,FA Cup,Cup,Scotland
182,Challenge Cup,Cup,Scotland
237,Cup,Cup,Russia
97,Taça da Liga,Cup,Portugal
108,Cup,Cup,Poland
105,NM Cupen,Cup,Norway
294,FA Cup,Cup,South-Korea
325,Santosh Trophy,Cup,India
347,Cup,Cup,Czech-Republic
565,Liga Primera U20,League,Nicaragua
602,Baiano - 1,League,Brazil
603,Paraibano,League,Brazil
604,Catarinense - 1,League,Brazil
605,Paulista - A3,League,Brazil
606,Paranaense - 1,League,Brazil
607,Roraimense,League,Brazil
608,Maranhense,League,Brazil
609,Cearense - 1,League,Brazil
610,Brasiliense,League,Brazil
611,Capixaba,League,Brazil
612,Copa do Nordeste,Cup,Brazil
614,Paranaense - 2,League,Brazil
615,Rondoniense,League,Brazil
616,Potiguar,League,Brazil
617,Copa do Brasil U20,Cup,Brazil
618,São Paulo Youth Cup,Cup,Brazil
619,Mineiro - 2,League,Brazil
621,Piauiense,League,Brazil
622,Pernambucano - 1,League,Brazil
623,Sul-Matogrossense,League,Brazil
624,Carioca - 1,League,Brazil
626,Sergipano,League,Brazil
627,Paraense,League,Brazil
628,Goiano - 1,League,Brazil
629,Mineiro - 1,League,Brazil
630,Matogrossense,League,Brazil
631,Tocantinense,League,Brazil
632,Supercopa do Brasil,Cup,Brazil
636,Ýokary Liga,League,Turkmenistan
637,V.League 2,League,Vietnam
639,Super Cup,Cup,Iceland
640,Kansallinen Liiga,League,Finland
641,NWSL Women - Challenge Cup,Cup,USA
643,3. liga - Bratislava,League,Slovakia
644,3. liga - West,League,Slovakia
645,3. liga - East,League,Slovakia
646,3. liga - Center,League,Slovakia
647,Lao League,League,Laos
648,Tasmania NPL,League,Australia
649,Supreme Division Women,League,Russia
650,Second League - Group 3,League,Russia
651,Second League - Group 1,League,Russia
652,Second League - Group 2,League,Russia
653,Second League - Group 4,League,Russia
654,Super Cup,Cup,Armenia
656,Super Cup,Cup,Bulgaria
657,Cup,Cup,Estonia
658,Cup,Cup,Latvia
659,Super Cup,Cup,Israel
660,WK-League,League,South-Korea
661,Cup,Cup,Lithuania
662,Copa por México,Cup,Mexico
663,Super Cup,Cup,Russia
666,Friendlies Women,Cup,World
667,Friendlies Clubs,Cup,World
668,1. Liga U19,League,Czech-Republic
669,1. Liga Women,League,Czech-Republic
670,Community Shield Women,Cup,England
671,Úrvalsdeild Women,League,Iceland
672,David Kipiani Cup,Cup,Georgia
673,Liga MX Femenil,League,Mexico
674,Cupa,Cup,Moldova
675,U21 Divisie 1,League,Netherlands
676,Central Youth League,League,Poland
678,Super Cup,Cup,Ukraine
679,U21 League,League,Ukraine
680,Cup,Cup,Slovakia
681,Campeonato de Portugal Prio - Group E,League,Portugal
682,Campeonato de Portugal Prio - Group F,League,Portugal
683,Campeonato de Portugal Prio - Group G,League,Portugal
684,Campeonato de Portugal Prio - Group H,League,Portugal
685,3. liga - CFL B,League,Czech-Republic
686,4. liga - Divizie F,League,Czech-Republic
687,Regionalliga - Tirol,League,Austria
688,Regionalliga - Salzburg,League,Austria
689,Third Amateur Division - ACFF A,League,Belgium
690,Third Amateur Division - ACFF B,League,Belgium
691,Provincial - Brabant ACFF,League,Belgium
692,Primera División RFEF - Group 5,League,Spain
475,Paulista - A1,League,Brazil
476,Paulista - A2,League,Brazil
477,Gaúcho - 1,League,Brazil
478,Gaúcho - 2,League,Brazil
479,Canadian Premier League,League,Canada
483,Copa de la Superliga,Cup,Argentina
500,FA Cup,Cup,Malaysia
693,Gamma Ethniki - Group 9,League,Greece
694,Gamma Ethniki - Group 10,League,Greece
695,U18 Premier League - North,League,England
696,U18 Premier League - South,League,England
697,WSL Cup,Cup,England
699,Women's Championship,League,England
700,Kakkosen Cup,Cup,Finland
701,Liga Revelação U23,League,Portugal
702,Premier League 2 Division One,League,England
703,Professional Development League,League,England
704,Coppa Italia Primavera,Cup,Italy
705,Campionato Primavera - 1,League,Italy
706,Campionato Primavera - 2,League,Italy
707,Cup,Cup,Albania
708,Super Cup,Cup,Albania
709,Cup,Cup,Armenia
710,Nacional B,League,Bolivia
711,Segunda División,League,Chile
712,Liga Femenina,League,Colombia
713,Superliga,Cup,Colombia
715,DFB Junioren Pokal,Cup,Germany
717,I-League - 2nd Division,League,India
719,Super Cup,Cup,Kuwait
720,Emir Cup,Cup,Kuwait
721,Cup,Cup,Luxembourg
722,Liga Premier Serie A,League,Mexico
723,Cup,Cup,Montenegro
724,U18 Divisie 1,League,Netherlands
726,Sultan Cup,Cup,Oman
727,Super Cup,Cup,Poland
728,Liga 1 Feminin,League,Romania
729,Coppa Titano,Cup,San-Marino
730,Football League - Highland League,League,Scotland
731,Football League - Lowland League,League,Scotland
732,Cup,Cup,Serbia
733,I Liga - Women,League,Slovakia
734,Diski Challenge,League,South-Africa
735,Copa Federacion,Cup,Spain
737,Svenska Cupen - Women,Cup,Sweden
738,League Cup,Cup,Wales
739,AXA Women’s Super League,League,Switzerland
740,Brasileiro U20 A,Cup,Brazil
741,Brasileiro de Aspirantes,Cup,Brazil
742,Copa Paulista,Cup,Brazil
744,Oberliga - Schleswig-Holstein,League,Germany
745,Oberliga - Hamburg,League,Germany
746,Oberliga - Mittelrhein,League,Germany
747,Oberliga - Westfalen,League,Germany
748,Oberliga - Niedersachsen,League,Germany
749,Oberliga - Bremen,League,Germany
750,Oberliga - Hessen,League,Germany
751,Oberliga - Niederrhein,League,Germany
752,Oberliga - Rheinland-Pfalz / Saar,League,Germany
753,Oberliga - Baden-Württemberg,League,Germany
754,Oberliga - Nordost-Nord,League,Germany
755,Oberliga - Nordost-Süd,League,Germany
756,Cup,Cup,Macedonia
757,Irish Cup,Cup,Northern-Ireland
758,Premier Division,League,Gibraltar
759,Liga Mayor,League,Dominican-Republic
760,LFA First Division,League,Liberia
761,Cup,Cup,Liechtenstein
762,Premier League,League,Mauritania
763,Mauritian League,League,Mauritius
764,Premier League,League,Mongolia
765,PFL,League,Philippines
767,CONCACAF League,Cup,World
771,COSAFA U20 Championship,Cup,World
774,3. Division - Girone 1,League,Norway
775,3. Division - Girone 2,League,Norway
776,3. Division - Girone 3,League,Norway
777,3. Division - Girone 4,League,Norway
778,3. Division - Girone 5,League,Norway
779,3. Division - Girone 6,League,Norway
780,III Liga - Group 1,League,Poland
781,III Liga - Group 2,League,Poland
782,III Liga - Group 3,League,Poland
783,III Liga - Group 4,League,Poland
784,Liga III - Serie 1,League,Romania
785,Liga III - Serie 2,League,Romania
786,Liga III - Serie 3,League,Romania
787,Liga III - Serie 4,League,Romania
788,Liga III - Serie 5,League,Romania
789,Liga III - Serie 6,League,Romania
790,Liga III - Serie 7,League,Romania
791,Liga III - Serie 8,League,Romania
792,Liga III - Serie 9,League,Romania
793,Liga III - Serie 10,League,Romania
794,3. SNL - East,League,Slovenia
795,3. SNL - West,League,Slovenia
796,2. Liga Interregional - Group 1,League,Switzerland
797,2. Liga Interregional - Group 2,League,Switzerland
798,2. Liga Interregional - Group 3,League,Switzerland
799,2. Liga Interregional - Group 4,League,Switzerland
800,2. Liga Interregional - Group 5,League,Switzerland
801,2. Liga Interregional - Group 6,League,Switzerland
802,Cup,Cup,Uzbekistan
809,Super Cup,Cup,Andorra
810,Super Copa,Cup,Argentina
811,Federation Cup,Cup,Bangladesh
813,Elite Two,League,Cameroon
816,Shield Cup,Cup,Jordan
817,Super Cup Primavera,Cup,Italy
819,Super Cup,Cup,Kosovo
820,Crown Prince Cup,Cup,Kuwait
821,FA Trophy,Cup,Malta
822,Cup,Cup,Morocco
828,Ligue 2,League,Tunisia
829,Youth League,League,Turkmenistan
830,Super Cup,Cup,Uzbekistan
832,Coupe de la Ligue,Cup,Algeria
837,Rock Cup,Cup,Gibraltar
838,Super Cup,Cup,Jordan
840,Taça Revelação U23,Cup,Portugal
841,QFA Cup,Cup,Qatar
843,Copa Verde,Cup,Brazil
844,Ligue 1,League,Congo
845,GFA League,League,Gambia
847,Premier League,League,Eswatini
849,Baltic Cup,Cup,World
532,AFC U23 Asian Cup,Cup,World
536,CONCACAF Nations League,Cup,World
538,Africa Cup of Nations U20,Cup,World
540,CONMEBOL Libertadores U20,Cup,World
541,CONMEBOL Recopa,Cup,World
542,Iraqi League,League,Iraq
548,Super Cup,Cup,Japan
549,Damallsvenskan,League,Sweden
558,Supercopa,Cup,Peru
562,Reserve League,League,Belarus
863,Cup,Cup,Jordan
881,Olympics Men - Qualification Concacaf,Cup,World
882,Olympics Women - Qualification Asia,Cup,World
885,Campeones Cup,Cup,World
851,Carioca A2,League,Brazil
852,Super Cup,Cup,Cyprus
853,Supercopa de Ecuador,Cup,Ecuador
854,WE League,League,Japan
855,Dhivehi Premier League,League,Maldives
856,CONCACAF Caribbean Club Championship,Cup,World
857,Campeón de Campeones,Cup,Mexico
858,CONCACAF Gold Cup - Qualification,Cup,World
859,COSAFA Cup,Cup,World
860,Arab Cup,Cup,World
861,U20 League,League,Mexico
862,3. Division,League,Denmark
864,Supercopa,Cup,Costa-Rica
865,Liga 3,League,Portugal
866,MLS All-Star,Cup,USA
891,Coppa Italia Serie C,Cup,Italy
868,Premier League,League,Pakistan
869,CECAFA Club Cup,Cup,World
870,Premier League,League,Crimea
871,Premier League Cup,Cup,England
872,Liga Premier Serie B,League,Mexico
873,Thai Champions Cup,Cup,Thailand
874,Australia Cup,Cup,Australia
875,Segunda División RFEF - Group 1,League,Spain
876,Segunda División RFEF - Group 2,League,Spain
877,Segunda División RFEF - Group 3,League,Spain
878,Segunda División RFEF - Group 4,League,Spain
879,Segunda División RFEF - Group 5,League,Spain
880,World Cup - Women - Qualification Europe,Cup,World
883,Reserve League,League,Netherlands
884,Super Cup,Cup,San-Marino
887,Second League,League,Egypt
888,Second League - Group B,League,Egypt
889,Second League - Group C,League,Egypt
890,U20 Elite League,Cup,World
892,Coppa Italia Serie D,Cup,Italy
867,Copa Paulino Alcantara,League,Philippines
895,League Cup,Cup,Egypt
896,Super Cup,Cup,United-Arab-Emirates
898,League Cup,Cup,Thailand
902,Algarve Cup,Cup,World
903,The Atlantic Cup,Cup,World
905,Super Cup,Cup,Iran
910,Youth Viareggio Cup,Cup,World
36,Africa Cup of Nations - Qualification,Cup,World
725,Toppserien,League,Norway
736,Elitettan,League,Sweden
743,UEFA Championship - Women,Cup,World
812,Super Cup,Cup,Belarus
814,Reykjavik Cup,Cup,Iceland
815,Fotbolti.net Cup A,Cup,Iceland
818,Super Cup,Cup,Kazakhstan
823,Nasjonal U19 Champions League,Cup,Norway
824,Emir Cup,Cup,Qatar
825,Qatar Cup,Cup,Qatar
826,Super Cup,Cup,Saudi-Arabia
831,Super Cup,Cup,Vietnam
833,Queensland Premier League,League,Australia
834,South Australia State League 1,League,Australia
835,New South Wales NPL 2,League,Australia
836,Victoria NPL 2,League,Australia
839,Super Cup,Cup,Lithuania
842,Super Copa,Cup,Uruguay
846,Somali Premier League,League,Somalia
848,UEFA Europa Conference League,Cup,World
893,UEFA U19 Championship - Qualification,Cup,World
894,Asian Cup Women - Qualification,Cup,World
897,Asian Cup Women,Cup,World
899,League Cup,Cup,Finland
900,Tipsport Malta Cup,Cup,World
901,Ykköscup,Cup,Finland
904,SheBelieves Cup,Cup,World
906,Reserve League,League,Argentina
907,Primera Division,League,Cuba
908,ASEAN Championship U23,Cup,World
909,MLS Next Pro,League,USA
911,Southeast Asian Games,Cup,World
912,CONCACAF Women U17,Cup,World
913,CONMEBOL - UEFA Finalissima,Cup,World
914,Tournoi Maurice Revello,Cup,World
915,1. Division Women,League,Norway
916,Kirin Cup,Cup,World
917,Copa Ecuador,Cup,Ecuador
918,UEFA U19 Championship - Women,Cup,World
919,Mediterranean Games,Cup,World
920,World Cup - U20 - Women,Cup,World
921,UEFA U17 Championship,Cup,World
922,Africa Cup of Nations - Women,Cup,World
923,League 1 Ontario,League,Canada
924,Piala Presiden,Cup,Indonesia
926,Copa America Femenina,Cup,World
927,World Cup - Women - Qualification Concacaf,Cup,World
928,ASEAN Championship U19,Cup,World
929,League Two,League,China
930,Copa Uruguay,Cup,Uruguay
886,UEFA U17 Championship - Qualification,Cup,World
961,Supercopa,Cup,Paraguay
962,Premier League,League,Lesotho
966,Cup,Cup,Ghana
967,Cup,Cup,Lebanon
968,Championnat D1,League,Gabon
971,Shield Cup,Cup,Kenya
975,Serie C - Relegation - Play-offs,League,Italy
976,Serie C - Promotion - Play-offs,League,Italy
974,Serie C - Supercoppa Lega Finals,League,Italy
977,Tercera División RFEF - Promotion - Play-offs,League,Spain
978,2nd Division - Play-offs,League,Albania
979,Provincial - Play-offs VV,League,Belgium
980,Provincial - Play-offs ACFF,League,Belgium
981,Third Amateur Division - Play-offs,League,Belgium
982,Denmark Series - Promotion Round,League,Denmark
983,Denmark Series - Relegation Round,League,Denmark
984,National League - North - Play-offs,League,England
985,National League - South - Play-offs,League,England
986,Non League Div One - Play-offs,League,England
987,U18 Premier League - Championship,League,England
988,Oberliga - Promotion Round,League,Germany
989,Oberliga - Relegation Round,League,Germany
990,Gamma Ethniki - Promotion Group,League,Greece
991,Campeonato de Portugal Prio - Promotion Round,League,Portugal
992,Football League - Championship,League,Scotland
993,Non League Premier - Isthmian - Play-offs,League,England
994,Non League Premier - Northern - Play-offs,League,England
995,Non League Premier - Southern South - Play-offs,League,England
996,Non League Premier - Southern Central - Play-offs,League,England
997,Serie D - Promotion - Play-offs,League,Italy
998,Serie D - Relegation - Play-offs,League,Italy
999,Serie D - Championship Round,League,Italy
1000,Segunda División RFEF - Play-offs,League,Spain
1002,Regionalliga - Promotion Play-offs,League,Germany
1003,Regionalliga - Relegation Round,League,Germany
1004,Derde Divisie - Relegation Round,League,Netherlands
1005,1. Liga Classic - Play-offs,League,Switzerland
1006,Primera División RFEF - Play Offs,League,Spain
1007,3. Lig - Play-offs,League,Turkey
1009,Liga III - Play-offs,League,Romania
1010,3. liga - Promotion Play-off,League,Czech-Republic
1011,Second Amateur Division - Play-offs ,League,Belgium
1014,Second League - Play-offs,League,Egypt
1016,CAC Games,Cup,World
931,Non League Premier - Southern Central,League,England
932,Non League Div One - Northern East,League,England
933,Non League Div One - Southern Central,League,England
934,Arab Championship - U20,Cup,World
935,Diski Shield,Cup,South-Africa
936,Catarinense - 2,League,Brazil
937,Emirates Cup,Cup,World
938,Oberliga - Bayern Nord,League,Germany
939,Oberliga - Bayern Süd,League,Germany
940,COTIF Tournament,Cup,World
941,Islamic Solidarity Games,Cup,World
944,Super Cup,Cup,Oman
945,International Champions Cup - Women,Cup,World
946,Second NL,League,Croatia
947,DFB Pokal - Women,Cup,Germany
948,1a Divisão - Women,League,Portugal
949,CONMEBOL Libertadores Femenina,Cup,World
950,World Cup - U17 - Women,Cup,World
951,South American Youth Games,Cup,World
952,AFC U23 Asian Cup - Qualification,Cup,World
953,Africa U23 Cup of Nations - Qualification,Cup,World
954,National League - Central,League,New-Zealand
955,National League - National,League,New-Zealand
956,National League - Northern,League,New-Zealand
957,National League - Southern,League,New-Zealand
958,Copa Costa Rica,Cup,Costa-Rica
959,Cup,Cup,Singapore
960,Euro Championship - Qualification,Cup,World
963,CONCACAF U17,Cup,World
964,Copa de la División Profesional,Cup,Bolivia
965,AFC U20 Asian Cup,Cup,World
969,Primeira Divisão,League,Macao
970,CONMEBOL - U17,Cup,World
972,Super Cup,Cup,China
973,CAF Cup of Nations - U17,Cup,World
1008,CAFA Nations Cup,Cup,World
1012,AFC U17 Asian Cup,Cup,World
1013,All-Island Cup - Women,Cup,World
1015,CAF U23 Cup of Nations,Cup,World
1017,U23 League,League,Mexico
1018,Federation Cup,Cup,Lebanon
1019,Charity Shield,Cup,Northern-Ireland
1020,Calcutta Premier Division,League,India
1021,Super Cup,Cup,Croatia
1022,Premier League - Summer Series,League,England
1023,NB III - Southeast,League,Hungary
1024,UEFA - CONMEBOL - Club Challenge,Cup,World
1025,Second League A - Division A Gold,League,Russia
1026,Second League A - Division A Silver,League,Russia
1027,3. Lig - Group 4,League,Turkey
1028,Concacaf Central American Cup,Cup,World
1029,National 3 - Group G,League,France
1030,Goiano - 2,League,Brazil
1031,Premier League,League,Bhutan
1032,Copa de la Liga Profesional,League,Argentina
1033,Ekstraliga Women,League,Poland
1034,2. Frauen Bundesliga,League,Germany
1035,Copa Rio,Cup,Brazil
1036,Copa Santa Catarina,Cup,Brazil
1037,Paraibano 2,League,Brazil
1038,King's Cup,Cup,World
1039,Premier League International Cup,Cup,World
1040,UEFA Nations League - Women,Cup,World
1041,Júniores U19,League,Portugal
1042,Super Cup,Cup,Gibraltar
1043,African Football League,Cup,World
1044,Erste Liga Cup,Cup,Switzerland
1045,Pan American Games,Cup,World
1048,Premier Division,League,Antigua-And-Barbuda
1049,King's Cup,Cup,Bahrain
1050,Super Cup,Cup,Malta
1052,Kakkonen - Play-offs,League,Finland
1053,Division 2 - Play-offs,League,Sweden
1054,2. Division - Play-offs,League,Norway
1055,Ettan - Relegation Round,League,Sweden
1056,National League - Championship - Final,League,New-Zealand
1058,Supercopa Femenina,Cup,Spain
1061,Second League A - Spring Season Gold,League,Russia
1064,Second League A - Spring Season Silver,League,Russia
1065,U19 League,League,Ukraine
1068,FA Youth Cup,Cup,England
1072,All Africa Games,Cup,World
1074,SWPL Cup,Cup,Scotland
1078,SWF Scottish Cup,Cup,Scotland
1079,Yemeni League,League,Yemen
1080,Premier Division,League,Grenada
1084,Championnat National,League,Togo
1099,Gamma Ethniki - Relegation Play-offs,League,Greece
1109,Super Cup,Cup,Bahrain
1111,NB III - Promotion Play-offs,League,Hungary
1121,Second League A - Promotion Play-offs,League,Russia
850,UEFA U21 Championship - Qualification,Cup,World
1060,CONMEBOL - Pre-Olympic Tournament,Cup,World
1062,Paulista - A4,League,Brazil
1063,Copa Alagoas,Cup,Brazil
1066,CONCACAF U20 - Qualification,Cup,World
1067,Torneo Promocional Amateur,League,Argentina
1069,Goiano U20,League,Brazil
1070,AFC U20 Asian Cup - Women,Cup,World
1071,Paranaense U20,League,Brazil
1073,Baiano U20,League,Brazil
1075,Pro League A,League,Uzbekistan
1076,Catarinense U20,League,Brazil
1077,WAFF Championship U23,Cup,World
1081,CONMEBOL - U17 Femenino,Cup,World
1082,Copa Rio U20,Cup,Brazil
1085,CONMEBOL U20 Femenino,Cup,World
1086,Paulista - U20,League,Brazil
1087,Ykkösliiga,League,Finland
1088,Pernambucano - U20,League,Brazil
1089,UAE-Qatar - Super Shield,Cup,World
1090,NNSW League 1,League,Australia
1091,Tasmania Northern Championship,League,Australia
1092,Capital Territory NPL 2,League,Australia
1093,Tasmania Southern Championship,League,Australia
1094,Western Australia State League 1,League,Australia
1095,USL League One Cup,League,USA
1096,Matogrossense 2,League,Brazil
1097,Copa Espírito Santo,Cup,Brazil
1098,Paulista Série B,League,Brazil
1100,Brasiliense U20,League,Brazil
1101,AFC U17 Asian Cup - Women,Cup,World
1102,UEFA U17 Championship - Women,Cup,World
1103,Premiership Women,League,Northern-Ireland
1104,Liga 3,League,Georgia
1105,Olympics - Intercontinental Play-offs,Cup,World
1106,Carioca C,League,Brazil
1107,Mineiro U20,League,Brazil
1108,Sergipano U20,League,Brazil
1110,Alagoano U20,League,Brazil
1112,Cearense U20,League,Brazil
1113,Copa Venezuela,Cup,Venezuela
1114,Carioca U20,League,Brazil
1115,Paraense A3,League,Brazil
1116,WPSL,League,USA
1117,USL W League,League,USA
1118,NPSL,League,USA
1119,NWSL - Liga MXF Summer Cup,League,USA
1120,Paraibano U20,League,Brazil
1122,OFC U19 Championship,Cup,World
1123,Qatar-UAE Super Cup,Cup,World
1124,Cearense - 3,League,Brazil
1125,Pernambucano - 2,League,Brazil
1126,Esiliiga B,League,Estonia
1127,Chatham Cup,Cup,New-Zealand
1001,CONCACAF Women U20,Cup,World
1190,Super Cup Women,Cup,Netherlands
1046,CONCACAF Gold Cup - Qualification - Women,Cup,World
1047,Olympics Women - Qualification CAF,Cup,World
1051,HKPL Cup,Cup,Hong-Kong
1057,CONCACAF Gold Cup - Women,Cup,World
1059,Recopa Catarinense,Cup,Brazil
1170,MFL Cup,Cup,Malaysia
1171,Coppa Italia Women,Cup,Italy
1173,Challenge Cup,Cup,Malta
1174,Hun Sen Cup,Cup,Cambodia
1178,Super Copa International,Cup,Argentina
1128,Brasileiro U17,League,Brazil
1129,ASEAN Club Championship,Cup,World
1130,USL Super League,League,USA
1131,Super Cup,League,Mongolia
1132,AFC Challenge League,Cup,World
1133,Goiano - 3,League,Brazil
1134,Amazonense - 2,League,Brazil
1135,Sergipano - 2,League,Brazil
1136,CONCACAF W Champions Cup,Cup,World
1137,Supercup der Frauen,League,Germany
1138,Paranaense - 3,League,Brazil
1139,Potiguar - U20,League,Brazil
1140,AFC Women's Champions League,Cup,World
1141,Brasiliense B,League,Brazil
1142,Mineiro - 3,League,Brazil
1143,Estadual Junior U20,League,Brazil
1144,Super Cup,Cup,Ghana
1168,FIFA Intercontinental Cup,Cup,World
1145,Paraense B1,League,Brazil
1146,Alagoano - 2,Cup,Brazil
1148,Maranhense - 2,League,Brazil
1149,Potiguar - 2,League,Brazil
1150,Gaúcho - 3,League,Brazil
1151,Pernambucano - 3,League,Brazil
1152,U19 Divisie 1,League,Netherlands
1153,AFC U20 Asian Cup - Qualification,Cup,World
1154,Catarinense - 3,League,Brazil
1155,Carioca B2,League,Brazil
1156,National League Cup,Cup,England
1157,Paraense U20,League,Brazil
1158,Copa Gaúcha,Cup,Brazil
1159,CECAFA U20 Championship,Cup,World
1160,Sapling Cup,Cup,Hong-Kong
1161,AFC U17 Asian Cup - Qualification,Cup,World
1162,AGCFF Gulf Champions League,Cup,World
1163,African Nations Championship - Qualification,Cup,World
1164,CAF Women's Champions League,Cup,World
1165,Copa Fares Lopes,Cup,Brazil
1166,Super Cup,Cup,Cameroon
1167,Recopa,Cup,Costa-Rica
1147,Capixaba B,League,Brazil
1169,EAFF E-1 Football Championship - Qualification,Cup,World
1083,UEFA Championship - Women - Qualification,Cup,World
1218,Pro League U23,League,United-Arab-Emirates
1180,Copa LDF,Cup,Dominican-Republic
1172,Torneo Amistoso de Verano,Cup,Bolivia
1175,Women's President's Cup,Cup,Ireland
1176,Super Cup,Cup,Latvia
1177,Super Cup,Cup,Faroe-Islands
1179,Copa do Brasil U17,Cup,Brazil
1181,Supercopa,Cup,Venezuela
1182,Northern Super League,League,Canada
1183,Brasileiro U20 B,Cup,Brazil
1184,Copa Grão Pará,Cup,Brazil
1185,3. liga - Play-offs,League,Slovakia
1186,FIFA Club World Cup - Play-In,Cup,World
1187,Copa Nicaragua,Cup,Nicaragua
1188,EAFF E-1 Football Championship - Women,Cup,World
1189,Asean Championship Women,Cup,World
1191,UEFA Europa Cup - Women,Cup,World
1192,Super Cup,Cup,Angola
1193,Super Cup,Cup,Kenya
1194,Super Cup,Cup,Tunisia
1195,Liga E Pare,League,Kosovo
1196,Division One League,League,Ghana
1197,FA Cup,Cup,Oman
1198,Serie A Cup Women,Cup,Italy
1199,League Cup,Cup,Hong-Kong
1200,Liga MX U21,League,Mexico
1201,IFA Shield,Cup,India
1202,Australian Championship,Cup,Australia
1203,Piauiense - 2,League,Brazil
1204,Rondoniense - 2,League,Brazil
1205,Kings Cup,Cup,Brazil
1206,CONMEBOL Nations League Women,Cup,World
1207,CONCACAF Series,Cup,World
1208,Arabian Gulf Cup U23,Cup,World
1209,Guangdong - Hong Kong Cup,Cup,Hong-Kong
1210,Super Cup,Cup,Greece
1211,Tipsport Liga,League,Czech-Republic
1212,Copa De La Liga Auf,Cup,Uruguay
1213,Kings World Cup Nations,Cup,World
1214,Ofc Pro League,Cup,World
1215,Obos Supercup,Cup,Norway
1216,Serie Rio De La Plata,Cup,World
1217,Fifa Women Champions Cup,Cup,World
